Bobchong1,Bob chong,MANAGER,abc123
Forestgump1,Forest gump,MANAGER,123bdn
Boohoo1,Boo hoo,MANAGER,
Fredj1,Fred j,MANAGER,123bca
Jamesbond1,James bond,MANAGER,cbv123
Chrisc1,Chris c,MANAGER,123bvn
Heryhe1,Hery he,TEAM_MEMBER,tth2343
Testprint1,Test print,MANAGER,123bvn
